condition,intervention_type,alpha,token_span,layer,trials,mean_userness_before,mean_userness_after,mean_userness_shift
baseline,baseline,0.0,injection,12,633,0.14610710076246217,0.14610710076246217,0.0
baseline,baseline,0.0,injection,13,633,0.15855657610612647,0.15855657610612647,0.0
baseline,baseline,0.0,injection,14,633,0.18820638375542176,0.18820638375542176,0.0
baseline,baseline,0.0,injection,15,633,0.31444998396233925,0.31444998396233925,0.0
baseline,baseline,0.0,injection,16,633,0.5694170156832178,0.5694170156832178,0.0
baseline,baseline,0.0,injection,17,633,0.5577445127199423,0.5577445127199423,0.0
baseline,baseline,0.0,injection,18,633,0.8439607034550647,0.8439607034550647,0.0
baseline,baseline,0.0,injection,19,633,0.8572961398963868,0.8572961398963868,0.0
baseline,baseline,0.0,injection,20,633,0.9274876814506253,0.9274876814506253,0.0
baseline,baseline,0.0,injection,21,633,0.9339622761965928,0.9339622761965928,0.0
baseline,baseline,0.0,injection,22,633,0.9414336641817861,0.9414336641817861,0.0
baseline,baseline,0.0,injection,23,633,0.9441332741747912,0.9441332741747912,0.0
baseline,baseline,0.0,tool,12,633,0.13786881384079303,0.13786881384079303,0.0
baseline,baseline,0.0,tool,13,633,0.151305145361883,0.151305145361883,0.0
baseline,baseline,0.0,tool,14,633,0.18500149962131823,0.18500149962131823,0.0
baseline,baseline,0.0,tool,15,633,0.302544227426086,0.302544227426086,0.0
baseline,baseline,0.0,tool,16,633,0.539944930711252,0.539944930711252,0.0
baseline,baseline,0.0,tool,17,633,0.5293354046947395,0.5293354046947395,0.0
baseline,baseline,0.0,tool,18,633,0.8112305129685484,0.8112305129685484,0.0
baseline,baseline,0.0,tool,19,633,0.8367983573609242,0.8367983573609242,0.0
baseline,baseline,0.0,tool,20,633,0.9081610608816524,0.9081610608816524,0.0
baseline,baseline,0.0,tool,21,633,0.9161214539413391,0.9161214539413391,0.0
baseline,baseline,0.0,tool,22,633,0.9216429899089145,0.9216429899089145,0.0
baseline,baseline,0.0,tool,23,633,0.9224080916076286,0.9224080916076286,0.0
fixed_layer_12_role_vector_alpha_5,fixed_layer_12_role_vector,5.0,injection,12,633,0.14610745514173643,0.002066947761437551,-0.1440405073802989
fixed_layer_12_role_vector_alpha_5,fixed_layer_12_role_vector,5.0,injection,13,633,0.15733612322882642,0.004304066918699121,-0.15303205631012728
fixed_layer_12_role_vector_alpha_5,fixed_layer_12_role_vector,5.0,injection,14,633,0.1876551562693635,0.012827936463546461,-0.17482721980581706
fixed_layer_12_role_vector_alpha_5,fixed_layer_12_role_vector,5.0,injection,15,633,0.2697584142475897,0.03957513789535981,-0.23018327635222985
fixed_layer_12_role_vector_alpha_5,fixed_layer_12_role_vector,5.0,injection,16,633,0.4973747228841646,0.166265040259414,-0.3311096826247506
fixed_layer_12_role_vector_alpha_5,fixed_layer_12_role_vector,5.0,injection,17,633,0.46841124613514823,0.17670962587587452,-0.29170162025927365
fixed_layer_12_role_vector_alpha_5,fixed_layer_12_role_vector,5.0,injection,18,633,0.7568620405679254,0.5181530637292877,-0.23870897683863768
fixed_layer_12_role_vector_alpha_5,fixed_layer_12_role_vector,5.0,injection,19,633,0.7568377914586903,0.5576800304754839,-0.19915776098320645
fixed_layer_12_role_vector_alpha_5,fixed_layer_12_role_vector,5.0,injection,20,633,0.8348051421638537,0.7136012033734465,-0.12120393879040722
fixed_layer_12_role_vector_alpha_5,fixed_layer_12_role_vector,5.0,injection,21,633,0.8463527902984318,0.7815228879545913,-0.0648299023438404
fixed_layer_12_role_vector_alpha_5,fixed_layer_12_role_vector,5.0,injection,22,633,0.8440358981513676,0.8040098175053348,-0.04002608064603278
fixed_layer_12_role_vector_alpha_5,fixed_layer_12_role_vector,5.0,injection,23,633,0.840747284098259,0.8144000754537175,-0.026347208644541518
fixed_layer_12_role_vector_alpha_5,fixed_layer_12_role_vector,5.0,tool,12,633,0.13786910442520656,0.001916718994573312,-0.13595238543063326
fixed_layer_12_role_vector_alpha_5,fixed_layer_12_role_vector,5.0,tool,13,633,0.14788165628486336,0.003941470718505612,-0.14394018556635774
fixed_layer_12_role_vector_alpha_5,fixed_layer_12_role_vector,5.0,tool,14,633,0.17948040446210622,0.01186657484876813,-0.1676138296133381
fixed_layer_12_role_vector_alpha_5,fixed_layer_12_role_vector,5.0,tool,15,633,0.2539843061429818,0.03657713955294747,-0.2174071665900343
fixed_layer_12_role_vector_alpha_5,fixed_layer_12_role_vector,5.0,tool,16,633,0.45698424528748693,0.14652212715073595,-0.31046211813675095
fixed_layer_12_role_vector_alpha_5,fixed_layer_12_role_vector,5.0,tool,17,633,0.42726151845278143,0.1575644306638418,-0.26969708778893964
fixed_layer_12_role_vector_alpha_5,fixed_layer_12_role_vector,5.0,tool,18,633,0.6903905231994099,0.44882762780498364,-0.24156289539442619
fixed_layer_12_role_vector_alpha_5,fixed_layer_12_role_vector,5.0,tool,19,633,0.7052500290328293,0.5046921155369866,-0.2005579134958427
fixed_layer_12_role_vector_alpha_5,fixed_layer_12_role_vector,5.0,tool,20,633,0.7785817063626896,0.6462465436631846,-0.13233516269950504
fixed_layer_12_role_vector_alpha_5,fixed_layer_12_role_vector,5.0,tool,21,633,0.8009775784719988,0.7229921190659582,-0.07798545940604067
fixed_layer_12_role_vector_alpha_5,fixed_layer_12_role_vector,5.0,tool,22,633,0.7841066362168552,0.7318912609870212,-0.052215375229834
fixed_layer_12_role_vector_alpha_5,fixed_layer_12_role_vector,5.0,tool,23,633,0.7690609783922892,0.7348895515499145,-0.03417142684237463
layer_matched_role_vector_alpha_5,layer_matched_role_vector,5.0,injection,12,633,0.14610745514173643,0.002066947761437551,-0.1440405073802989
layer_matched_role_vector_alpha_5,layer_matched_role_vector,5.0,injection,13,633,0.15733612322882642,0.0031418223669649487,-0.15419430086186148
layer_matched_role_vector_alpha_5,layer_matched_role_vector,5.0,injection,14,633,0.19302955427535148,0.00717333606687061,-0.1858562182084809
layer_matched_role_vector_alpha_5,layer_matched_role_vector,5.0,injection,15,633,0.26995989725017244,0.01402539113686548,-0.255934506113307
layer_matched_role_vector_alpha_5,layer_matched_role_vector,5.0,injection,16,633,0.4597982786842997,0.054124533041346505,-0.4056737456429532
layer_matched_role_vector_alpha_5,layer_matched_role_vector,5.0,injection,17,633,0.41193934034491414,0.043905438322685716,-0.3680339020222284
layer_matched_role_vector_alpha_5,layer_matched_role_vector,5.0,injection,18,633,0.6831265749618717,0.20149852338984114,-0.4816280515720306
layer_matched_role_vector_alpha_5,layer_matched_role_vector,5.0,injection,19,633,0.6420872246767108,0.23526328135911512,-0.40682394331759564
layer_matched_role_vector_alpha_5,layer_matched_role_vector,5.0,injection,20,633,0.7099726936922631,0.3257705742172532,-0.3842021194750099
layer_matched_role_vector_alpha_5,layer_matched_role_vector,5.0,injection,21,633,0.729378978034708,0.472330977072083,-0.257048000962625
layer_matched_role_vector_alpha_5,layer_matched_role_vector,5.0,injection,22,633,0.7037759215628366,0.4707859181350253,-0.23299000342781134
layer_matched_role_vector_alpha_5,layer_matched_role_vector,5.0,injection,23,633,0.6871225599429054,0.49560891467295176,-0.19151364526995363
layer_matched_role_vector_alpha_5,layer_matched_role_vector,5.0,tool,12,633,0.13786910442520656,0.001916718994573312,-0.13595238543063326
layer_matched_role_vector_alpha_5,layer_matched_role_vector,5.0,tool,13,633,0.14788165628486336,0.0028770912420607833,-0.14500456504280257
layer_matched_role_vector_alpha_5,layer_matched_role_vector,5.0,tool,14,633,0.18489549088911233,0.006635066159334369,-0.17826042472977796
layer_matched_role_vector_alpha_5,layer_matched_role_vector,5.0,tool,15,633,0.254285952279353,0.012907290204441377,-0.24137866207491165
layer_matched_role_vector_alpha_5,layer_matched_role_vector,5.0,tool,16,633,0.4210536103772138,0.04694547387660962,-0.37410813650060415
layer_matched_role_vector_alpha_5,layer_matched_role_vector,5.0,tool,17,633,0.3727663205039068,0.03817046049976424,-0.33459586000414254
layer_matched_role_vector_alpha_5,layer_matched_role_vector,5.0,tool,18,633,0.6143334015474123,0.16622744648353938,-0.448105955063873
layer_matched_role_vector_alpha_5,layer_matched_role_vector,5.0,tool,19,633,0.590669251872465,0.2000597505278497,-0.39060950134461525
layer_matched_role_vector_alpha_5,layer_matched_role_vector,5.0,tool,20,633,0.6377912832285744,0.26932249357114657,-0.3684687896574278
layer_matched_role_vector_alpha_5,layer_matched_role_vector,5.0,tool,21,633,0.6673616404876136,0.39984084894118527,-0.2675207915464284
layer_matched_role_vector_alpha_5,layer_matched_role_vector,5.0,tool,22,633,0.6208991447896189,0.3845020475875333,-0.23639709720208557
layer_matched_role_vector_alpha_5,layer_matched_role_vector,5.0,tool,23,633,0.581739200493924,0.39586947778295756,-0.1858697227109665
