layer,five_role_test_accuracy,user_tool_test_accuracy
12,0.9950248756218906,1.0
13,0.9800995024875622,0.9900497512437811
14,0.981094527363184,0.9950248756218906
15,0.9870646766169154,0.9925373134328358
16,0.9940298507462687,0.9950248756218906
17,0.9940298507462687,0.9950248756218906
18,0.9880597014925373,0.9850746268656716
19,0.9840796019900497,0.9776119402985075
20,0.9880597014925373,0.9875621890547264
21,0.9870646766169154,0.9850746268656716
22,0.981094527363184,0.9850746268656716
23,0.9840796019900497,0.9875621890547264
